id;album_id;url;thumb_url;full_url
1;10;1H_gfqgioGbYF2xUQZVeuPmGyQtNEwdZe;1xyoMOYbvZHMLkHBwtIcouDgv5iAM5lYi;
2;10;1uCZ4pLrY5U4AOdVMwX--94EUWzyU5vdh;18a5s9ceOrt_yAeoo7qAz2XeGJuJyFB0P;
3;10;195sWyXmtB2a5FNxc7d-eHty5UhBX4644;1JGvE6mnMv5gYnDosS4QnaBM5WIj5IrCB;1kPdULI7FcEersRzA5vsbd0xkjMifp5Ll
4;10;1F2lIf0MIN71etl2RmaqZ8JzzGPmgCESt;1H0sJBlNJqGZ59Qb_1NqtN_hO5Y7_ESIg;1_d3jT4eojsDJBNXGaercsdLNhCZiWZl0
5;10;1BRo0bahliwjP1ridfR9V9t0oC2GLB6nV;1nXhd4TegmLmi6v9Pkfh7cb6AvW2lgZD2;1MyIS5o192hAYmR6HQPYFWV8F-5HDavJq
6;10;1w9UZo0Mhqx8WcQddpZMHJu0UW719apW-;13BLIV94GCF4VSqsFrcT5_arumdCRIocc;10njR2L-5V2ju8piWOqahIIdmQv4tiX9c
7;10;1d3B2PXw4DD0-sVwfyYvxJf3Krw1vu72q;1eDUhhgMpOnEP3lyJzMCGLXqr_3dAubb0;1dS4W_3t7EFOJejdri8K97qOliUae1Mnz
8;10;1QP7pd--d_pWvxrqu_EONFOblCRYSfuBn;1U0EjLBxR1Q3fLcbfP2ypEI4QOWzhfjw6;1GGF4zvVQm5l6vDPCaefLtEXP38LSAOv2
9;10;1hWC4MVHjgM-Wq_zQ8oj6sFMub0BBq2p3;1Plp_BLhkej5Cq0dZH52w9BBvmjxpVxtL;1MycXgAMrh7WSXnX8fqyKRAdUinaZFqC_
10;10;1Yh3w940QHl1wz3WVTVuKwWhwTpyIosvZ;1E8WeEO0O2bm2Q_CxXn0zxErQ-z9p6PQw;1ySZSZSVbt1w-URDD0FFQ4FRhaAenBvOg
11;10;1qXy7dti-PFq_jbSC_YFpF-RZFzQOtAmp;1LrJR_pBq4H9FAR7N2hsqvzvJgZvMsnIS;1-sQenHsZm0M0EFPCjKd2YymmbEkw7_HI
12;10;1R6KTQtE-dAwUti4rVaiS8B8kwChJTWGu;13axlQGJpp3Ay3_5wAhutlQfj60f8YSYb;13-CI5w-73CPs7lEb-eaIAndK_Ut9BvwT
13;10;1BtP8rp8KmeyUr_wIbFCk_T52dYxlhcWL;1loWv2EQ70Rk6ci377BM3te2wpPh-EFcZ;167Sul2MfjOqZyWcq6O2b8R-rTRFQJzRR
14;10;1xpjNblr10s5jg820OQ52jPpGI27oEiic;1qR5JZpOlY5djZGhmwxK2TprjKJK0eEJ2;1ibVsEt4xi5eInb2Nvpxpl63eAzqVu78U
15;10;1jxmGdCs-fROiqwdBPQy4sL4Bc9UiZqne;1_gwy8H4JuMHLrGkM_Pkq8QCc32qBn9C4;19-qimLiOl9aVq2aobxRvhVwZsgMlC4zV
16;10;1h-_YQfd89G3QoqqoBb6rPBzKRXCER4hY;1xewRDV_nHLuSEIA_NfVHLxOefq6YoULh;1rrtfu15Oe2KwxzuzllZRwjrMcIKNSokR
17;10;1x1QeskmU4N-2lsvHPF8SWEUnQzha0SRu;1BZE-xMuTBe89kE_pwvLSeIvEQF0cosLi;1AD-HtjZMvvSIQ4S3qHEZWNmdZ39RXLIZ
18;10;1wEy96f3x0l9F1BeoErOHvDczZ1-XILVV;1hwlaQykQZadXUcn3kboRs4QuMAhnLLMq;1NwvhGpnt9Gjq6-np7e_blWuVD-_WMBzk
19;10;1bUiWjX8-7eVy94o28Zg_QgmMqp0Rjh-8;188rBPHN55OEj2UKXcCi-Bf9SvsyALZ0Y;10esq1g9VfuPcWgLfUK52H7O67idpwGp1
20;10;1erL3n6Fa-nAzPpyRpMvARB7c8WDN4s-E;1v6YaIQV0o0gzE7yC1vXp8N7mS5pbTPtr;1dG9tZUY6jOLdiSLGHVmhQLYrKuxZ0kKT
21;10;1RUNGh-NW-CTKmyPSrth5S8KjkJAoH3rm;1gxImrAHqP_0vAhKDCcnDaX-yIiv6PMht;1BdlXZfScZB2PDzYFQDFollL9bfSYEciX
22;10;1oYVNfH-yRzcQ9SYyDbcnUMqAD9wY2t0h;1m4wsBjO1dXzFUJM6_1MWfKFoADJaKLYi;18qx-yf-XFFCgCReLBEbw-hm3xGn1U_JF
23;10;1utHuZDfyfdoAtgUxRTXwHkVQLOfNfnQ3;1DhQF4HQutrdEjWTdWkfFoU5gBQiGv9L8;1-11hbvdQoz4DKBLut8P1zF_yEWiSDWR6
24;10;1aAtbEZvSsIHRASdiha4fmqOCYrAcTGby;1pFl4Xq2o1I7sh7TOWLm3E0k9A-465xbW;1dOvjFhYZK4bAWqeLNb2JH9dDb2kCc9si
25;10;1Do7I7_cLrpYdypC5YwV_HpZ5bTQtPjCX;187qxMRRx4300iIkLSQoUH14zQY0UhNdv;1ryiYXXj-xZ6YlUzYq57NGe7IdUF8jpih
26;10;17OIC7cM0Hp8iMdwb03la2Ds3blPz5emm;1lDgxEfffz5Ri6w9Ist5dnM3v_TBueuUG;12OApAKupqzI6e-CX7TKIow34latf3vZv
27;10;14iJwiVARcSGwNpf9WZkPtULLqwnA0eZg;1zxqdDG86Y53CqDU-_8FpgGosARbHUFuR;1Ru_PRO-eJURslbjt3spq3LkKz37A9Qbr
28;10;1lJsJfKrtphGd_5EtmXo3W1V7n2kMZ6Hf;1CvhdE-GzRpsqE3Ae5kh8YW1snuPYYDwK;18ktWR4F23HFgm89uPb9t-9xKKMnIkKUo
29;10;1567D_KVAywxhsWAPxx4Z_Vt-7rjxqetS;1oESUIy3Pg3MiTz2uClWzVS1A0CGCmrfS;1L4M0UgmDkLl7v07yB4H0_wZQFxlM_erF
30;10;19Ab-Y3NJ-ZKELkVppMbazTFeWW_Hi_Sc;1Aw_bZkWdfzARHYm_O-Jczn3ZMr-jN7ls;14pkGM2mCwlLU-0A2Ca4_8Ey5vdphCIFl
31;10;1VPi7mAl0N2Zi9b5fVDxiVV9sRqJ0O_Sf;1h05baDSvAod0IOKXc5hh3Q6-wJ225qxI;1kb0YOE2OxXyXDaq3ZrEZSbdaTZbQTtAR
32;10;1FfX-QbPCyYH-zqL8inWC6pZywYCW8uKX;1-mqsMXBQv-Kk8SzDl67ZB5TNie9jwTlv;1naAbc9E1vTwqZb5IznNIOJuxClSQAXyw
33;10;1KBkyR-chBPxFwxNSg9qS6O5mS90vUAft;1rEBYmMILbTms6TlZQLdi-NsnXie52gbo;1-AtnOkC_57q8I1kekJU1itauEy8V_RAK
34;10;1J33qSTmdb-z619Hv7iDBNncQHctk9L3O;1Y5m6knoX29yYKxNzYPY0bTCo_oWPGMiw;1gC_e5t_ZEzW9Z-O6gp-SKYBFDCM6OwY3
35;10;1T5zh2GbgqXao_mFpg8t3Q7U3bRa6xfYZ;1C3SfRmBEfhYlu6EdenIzezZ2jT4aZKGE;1E80uqD8XOlZsoi10o6YqwrjPQtmq7juH
36;10;1cOE0cgIEF4475wVJE4V0Mw09ry5yCThx;1tWFhJaerE3QECi6jzaIZ4Y0sYybzqwZ1;1o5y89CXQJ_JdGA26mkTNiItnKOEcWDqT
37;10;1pvm7_7qhm85isi3wYBKtY2cMMNHM7A8y;1OnBGCSazAxBajg9GCK-NNqhfDQQ7MyY6;1A_6euhZ-HozjRhrsc7SzFNBofSEMM-f8
